"Page URL","Image URL HTTP status code","Image URL","Referring pages","Is in sitemap"
https://top-5-pct.replit.app/signs/business-signs/banners,404,https://top-5-pct.replit.app/images/banners/top5pct-banner-custom-banners-joliet-shorewood-will-county.jpg,119,No
https://top-5-pct.replit.app/design-services/logo-design,404,https://top-5-pct.replit.app/images/banners/top5pct-banner-custom-banners-joliet-shorewood-will-county.jpg,119,No
https://top-5-pct.replit.app/design-services/graphic-design,404,https://top-5-pct.replit.app/images/banners/top5pct-banner-custom-banners-joliet-shorewood-will-county.jpg,119,No
https://top-5-pct.replit.app/storefront-preview/school-house-rock,404,https://top5pct.dreamstudiosolutions.com/storage/1/top5pct-custom-vinyl-shirts-caps-hoodies.jpg,11,No
https://top-5-pct.replit.app/storefront-preview/school-house-rock,404,https://top5pct.dreamstudiosolutions.com/storage/4/toptpct-article-family-reunion-pic2.jpg,11,No
https://top-5-pct.replit.app/storefront-preview/school-house-rock,404,https://top5pct.dreamstudiosolutions.com/storage/2/top5pct-custom-flock-shirt-hoodie-cap-joliet.jpg,11,No
https://top-5-pct.replit.app/storefront-preview/school-house-rock,404,https://top5pct.dreamstudiosolutions.com/storage/3/top5pct-custom-rhinestone-shirt-cap-hoodie-joliet.jpg,11,No
https://top-5-pct.replit.app/storefront-preview/school-house-rock/product/custom-screen-print-t-shirt,404,https://top5pct.dreamstudiosolutions.com/storage/1/top5pct-custom-vinyl-shirts-caps-hoodies.jpg,1,No
https://top-5-pct.replit.app/storefront-preview/school-house-rock/product/family-reunion-custom-shirts,404,https://top5pct.dreamstudiosolutions.com/storage/4/toptpct-article-family-reunion-pic2.jpg,1,No
https://top-5-pct.replit.app/storefront-preview/school-house-rock/product/glitter-htv-custom-shirt,404,https://top5pct.dreamstudiosolutions.com/storage/2/top5pct-custom-flock-shirt-hoodie-cap-joliet.jpg,1,No
https://top-5-pct.replit.app/storefront-preview/school-house-rock/product/rhinestone-bling-custom-tee,404,https://top5pct.dreamstudiosolutions.com/storage/3/top5pct-custom-rhinestone-shirt-cap-hoodie-joliet.jpg,1,No
